INSERT INTO "PERSON" (ID, CREATED_DATE, NAME, VORNAME, QUARANTAENE_START, QUARANTAENE_ENDE) VALUES ('10000000-0000-0000-0000-000000000000', TO_DATE('2020-03-15 18:33:00', 'YYYY-MM-DD HH24:MI:SS'), 'Musterfrau', 'Erika', TO_DATE('2020-03-15 18:33:00', 'YYYY-MM-DD HH24:MI:SS'), TO_DATE('2021-03-15 18:33:00', 'YYYY-MM-DD HH24:MI:SS'));
INSERT INTO "PERSON" (ID, CREATED_DATE, NAME, VORNAME, QUARANTAENE_START, QUARANTAENE_ENDE) VALUES ('10000000-0000-0000-0000-000000000001', TO_DATE('2020-03-15 18:34:00', 'YYYY-MM-DD HH24:MI:SS'), 'Mustermann', 'Max', TO_DATE('2020-03-15 18:34:00', 'YYYY-MM-DD HH24:MI:SS'), TO_DATE('2020-04-15 18:33:00', 'YYYY-MM-DD HH24:MI:SS'));

INSERT INTO "PROBE" (CREATED_DATE, KOMMENTAR, DATUM, ERGEBNIS, PERSONID)
	VALUES (TO_DATE('2020-03-15 18:37:12', 'YYYY-MM-DD HH24:MI:SS'), 'Probe 1', TO_DATE('2020-03-15 18:37:12', 'YYYY-MM-DD HH24:MI:SS'), 'P', '00000000-0000-0000-0000-000000000000');
	
INSERT INTO "KONTAKT" (ID, CREATED_DATE, PERSONID, KONTAKTMIT, KOMMENTAR, KONTAKTTYP, KONTAKTDATUM)
	VALUES ('10000000-0000-0000-0000-000000000000', TO_DATE('2020-03-15 18:38:00', 'YYYY-MM-DD HH24:MI:SS'), '10000000-0000-0000-0000-000000000000', '10000000-0000-0000-0000-000000000001', 'Kein Kommentar', 'A', TO_DATE('2020-03-15 18:37:12', 'YYYY-MM-DD HH24:MI:SS'));
	
----------------
--- Weitere Testdaten
----------------
	
	
--------------------------------------------------------
--  DDML fuer Personen
--------------------------------------------------------

INSERT INTO "PERSON" (ID, CREATED_DATE, NAME, VORNAME, KATEGORIE, STANDORT, GEBURTSDATUM, STRASSE, PLZ, ORT, LANDKREIS, 
	ORTSTEIL, LAND, TELEFON, MOBILE, MAIL, QUARANTAENE_START, QUARANTAENE_ENDE, ARBEITSINFOS, KOMMENTARE, HAUSHALT, TELEFONNOTIZEN, DOKU)
	VALUES
	('00000000-0000-0000-0000-000000000000', TO_DATE('2020-03-15 18:00:00', 'YYYY-MM-DD HH24:MI:SS'),
	'Musterfrau', 'Erika', 'I', 'Standort 1', TO_DATE('1980-01-01 00:00:00', 'YYYY-MM-DD HH24:MI:SS'), 'Strasse 1', '01234',
	'Ort 1', 'Landkreis 1', 'Ortsteil 1', 'Land 1', '0180 Nase', '01525252525259', 'mail@provider.ddos',
	TO_DATE('2020-03-15 18:33:00', 'YYYY-MM-DD HH24:MI:SS'), TO_DATE('2021-03-15 18:33:00', 'YYYY-MM-DD HH24:MI:SS'),
	'Ich bin eine Arbeitsinfo und teile jemanden mit dass etwas zu tun ist', 'Hier steht ein Kommentar den niemand liken kann',
	'5 Personen und 1 Hund', 'Vor dem nächsten Anruf Toilettenpapier zufaxen', 'Nicht JavaDoc'
	);
INSERT INTO "PERSON" (ID, CREATED_DATE, NAME, VORNAME, KATEGORIE, STANDORT, GEBURTSDATUM, STRASSE, PLZ, ORT, LANDKREIS, 
	ORTSTEIL, LAND, TELEFON, MOBILE, MAIL, QUARANTAENE_START, QUARANTAENE_ENDE, ARBEITSINFOS, KOMMENTARE, HAUSHALT, TELEFONNOTIZEN, DOKU)
	VALUES
	('00000000-0000-0000-0000-000000000001', TO_DATE('2020-03-15 18:01:00', 'YYYY-MM-DD HH24:MI:SS'),
	'Mustermann', 'Max', 'KP', 'Standort 1', TO_DATE('1980-01-02 00:00:00', 'YYYY-MM-DD HH24:MI:SS'), 'Strasse 1', '01234',
	'Ort 1', 'Landkreis 1', 'Ortsteil 1', 'Land 1', '0180 Nase', '01525252525259', 'mail@provider.ddos',
	TO_DATE('2020-03-15 18:33:00', 'YYYY-MM-DD HH24:MI:SS'), TO_DATE('2021-03-15 18:33:00', 'YYYY-MM-DD HH24:MI:SS'),
	'Ich bin eine Arbeitsinfo und teile jemanden mit dass etwas zu tun ist', 'Hier steht ein Kommentar den niemand liken kann',
	'5 Personen und 1 Hund', 'Vor dem nächsten Anruf Toilettenpapier zufaxen', 'Nicht JavaDoc'
	);
INSERT INTO "PERSON" (ID, CREATED_DATE, NAME, VORNAME, KATEGORIE, STANDORT, GEBURTSDATUM, STRASSE, PLZ, ORT, LANDKREIS, 
	ORTSTEIL, LAND, TELEFON, MOBILE, MAIL, QUARANTAENE_START, QUARANTAENE_ENDE, ARBEITSINFOS, KOMMENTARE, HAUSHALT, TELEFONNOTIZEN, DOKU)
	VALUES
	('00000000-0000-0000-0000-000000000002', TO_DATE('2020-03-15 18:02:00', 'YYYY-MM-DD HH24:MI:SS'),
	'Grimes', 'Rick', 'KP', 'Standort 1', TO_DATE('1980-02-02 00:00:00', 'YYYY-MM-DD HH24:MI:SS'), 'Strasse 1', '01234',
	'Ort 1', 'Landkreis 1', 'Ortsteil 1', 'Land 1', '0180 Nase', '01525252525259', 'rick@twd.undead',
	null, null,
	'Ich bin eine Arbeitsinfo und teile jemanden mit dass etwas zu tun ist', 'Hier steht ein Kommentar den niemand liken kann',
	'5 Personen und 1 Hund', 'Vor dem nächsten Anruf Toilettenpapier zufaxen', 'Nicht JavaDoc'
	);
INSERT INTO "PERSON" (ID, CREATED_DATE, NAME, VORNAME, KATEGORIE, STANDORT, GEBURTSDATUM, STRASSE, PLZ, ORT, LANDKREIS, 
	ORTSTEIL, LAND, TELEFON, MOBILE, MAIL, QUARANTAENE_START, QUARANTAENE_ENDE, ARBEITSINFOS, KOMMENTARE, HAUSHALT, TELEFONNOTIZEN, DOKU)
	VALUES
	('00000000-0000-0000-0000-000000000003', TO_DATE('2020-03-15 18:03:00', 'YYYY-MM-DD HH24:MI:SS'),
	'Walsh', 'Shane', 'KP', 'Standort 1', TO_DATE('1980-03-02 00:00:00', 'YYYY-MM-DD HH24:MI:SS'), 'Strasse 1', '01234',
	'Ort 1', 'Landkreis 1', 'Ortsteil 1', 'Land 1', '0180 Nase', '01525252525259', 'shane@twd.undead',
	null, null,
	'Ich bin eine Arbeitsinfo und teile jemanden mit dass etwas zu tun ist', 'Hier steht ein Kommentar den niemand liken kann',
	'5 Personen und 1 Hund', 'Vor dem nächsten Anruf Toilettenpapier zufaxen', 'Nicht JavaDoc'
	);
INSERT INTO "PERSON" (ID, CREATED_DATE, NAME, VORNAME, KATEGORIE, STANDORT, GEBURTSDATUM, STRASSE, PLZ, ORT, LANDKREIS, 
	ORTSTEIL, LAND, TELEFON, MOBILE, MAIL, QUARANTAENE_START, QUARANTAENE_ENDE, ARBEITSINFOS, KOMMENTARE, HAUSHALT, TELEFONNOTIZEN, DOKU)
	VALUES
	('00000000-0000-0000-0000-000000000004', TO_DATE('2020-03-15 18:04:00', 'YYYY-MM-DD HH24:MI:SS'),
	'Grimes', 'Lori', 'KP', 'Standort 1', TO_DATE('1980-03-03 00:00:00', 'YYYY-MM-DD HH24:MI:SS'), 'Strasse 1', '01234',
	'Ort 1', 'Landkreis 1', 'Ortsteil 1', 'Land 1', '0180 Nase', '01525252525259', 'lori@twd.undead',
	null, null,
	'Ich bin eine Arbeitsinfo und teile jemanden mit dass etwas zu tun ist', 'Hier steht ein Kommentar den niemand liken kann',
	'5 Personen und 1 Hund', 'Vor dem nächsten Anruf Toilettenpapier zufaxen', 'Nicht JavaDoc'
	);
INSERT INTO "PERSON" (ID, CREATED_DATE, NAME, VORNAME, KATEGORIE, STANDORT, GEBURTSDATUM, STRASSE, PLZ, ORT, LANDKREIS, 
	ORTSTEIL, LAND, TELEFON, MOBILE, MAIL, QUARANTAENE_START, QUARANTAENE_ENDE, ARBEITSINFOS, KOMMENTARE, HAUSHALT, TELEFONNOTIZEN, DOKU)
	VALUES
	('00000000-0000-0000-0000-000000000005', TO_DATE('2020-03-15 18:05:00', 'YYYY-MM-DD HH24:MI:SS'),
	'Walsh', 'Shane', 'KP', 'Standort 1', TO_DATE('1980-03-04 00:00:00', 'YYYY-MM-DD HH24:MI:SS'), 'Strasse 1', '01234',
	'Ort 1', 'Landkreis 1', 'Ortsteil 2', 'Land 1', '0180 Nase', '01525252525259', 'shane@twd.undead',
	null, null,
	'Ich bin eine Arbeitsinfo und teile jemanden mit dass etwas zu tun ist', 'Hier steht ein Kommentar den niemand liken kann',
	'5 Personen und 1 Hund', 'Vor dem nächsten Anruf Toilettenpapier zufaxen', 'Nicht JavaDoc'
	);
INSERT INTO "PERSON" (ID, CREATED_DATE, NAME, VORNAME, KATEGORIE, STANDORT, GEBURTSDATUM, STRASSE, PLZ, ORT, LANDKREIS, 
	ORTSTEIL, LAND, TELEFON, MOBILE, MAIL, QUARANTAENE_START, QUARANTAENE_ENDE, ARBEITSINFOS, KOMMENTARE, HAUSHALT, TELEFONNOTIZEN, DOKU)
	VALUES
	('00000000-0000-0000-0000-000000000006', TO_DATE('2020-03-15 18:06:00', 'YYYY-MM-DD HH24:MI:SS'),
	'Horvath', 'Dale', 'KP', 'Standort 1', TO_DATE('1980-03-06 00:00:00', 'YYYY-MM-DD HH24:MI:SS'), 'Strasse 1', '01234',
	'Ort 1', 'Landkreis 1', 'Ortsteil 2', 'Land 1', '0180 Nase', '01525252525259', 'Dale@twd.undead',
	null, null,
	'Ich bin eine Arbeitsinfo und teile jemanden mit dass etwas zu tun ist', 'Hier steht ein Kommentar den niemand liken kann',
	'5 Personen und 1 Hund', 'Vor dem nächsten Anruf Toilettenpapier zufaxen', 'Nicht JavaDoc'
	);
INSERT INTO "PERSON" (ID, CREATED_DATE, NAME, VORNAME, KATEGORIE, STANDORT, GEBURTSDATUM, STRASSE, PLZ, ORT, LANDKREIS, 
	ORTSTEIL, LAND, TELEFON, MOBILE, MAIL, QUARANTAENE_START, QUARANTAENE_ENDE, ARBEITSINFOS, KOMMENTARE, HAUSHALT, TELEFONNOTIZEN, DOKU)
	VALUES
	('00000000-0000-0000-0000-000000000007', TO_DATE('2020-03-15 18:07:00', 'YYYY-MM-DD HH24:MI:SS'),
	'Unbekannt', 'Andrea', 'KP', 'Standort 1', TO_DATE('1980-03-07 00:00:00', 'YYYY-MM-DD HH24:MI:SS'), 'Strasse 1', '01234',
	'Ort 1', 'Landkreis 1', 'Ortsteil 2', 'Land 1', '0180 Nase', '01525252525259', 'andrea@twd.undead',
	null, null,
	'Ich bin eine Arbeitsinfo und teile jemanden mit dass etwas zu tun ist', 'Hier steht ein Kommentar den niemand liken kann',
	'5 Personen und 1 Hund', 'Vor dem nächsten Anruf Toilettenpapier zufaxen', 'Nicht JavaDoc'
	);
INSERT INTO "PERSON" (ID, CREATED_DATE, NAME, VORNAME, KATEGORIE, STANDORT, GEBURTSDATUM, STRASSE, PLZ, ORT, LANDKREIS, 
	ORTSTEIL, LAND, TELEFON, MOBILE, MAIL, QUARANTAENE_START, QUARANTAENE_ENDE, ARBEITSINFOS, KOMMENTARE, HAUSHALT, TELEFONNOTIZEN, DOKU)
	VALUES
	('00000000-0000-0000-0000-000000000008', TO_DATE('2020-03-15 18:08:00', 'YYYY-MM-DD HH24:MI:SS'),
	'Rhee', 'Glenn', 'KP', 'Standort 1', TO_DATE('1980-03-08 00:00:00', 'YYYY-MM-DD HH24:MI:SS'), 'Strasse 1', '01234',
	'Ort 1', 'Landkreis 1', 'Ortsteil 1', 'Land 1', '0180 Nase', '01525252525259', 'glenn@twd.undead',
	null, null,
	'Ich bin eine Arbeitsinfo und teile jemanden mit dass etwas zu tun ist', 'Hier steht ein Kommentar den niemand liken kann',
	'5 Personen und 1 Hund', 'Vor dem nächsten Anruf Toilettenpapier zufaxen', 'Nicht JavaDoc'
	);
INSERT INTO "PERSON" (ID, CREATED_DATE, NAME, VORNAME, KATEGORIE, STANDORT, GEBURTSDATUM, STRASSE, PLZ, ORT, LANDKREIS, 
	ORTSTEIL, LAND, TELEFON, MOBILE, MAIL, QUARANTAENE_START, QUARANTAENE_ENDE, ARBEITSINFOS, KOMMENTARE, HAUSHALT, TELEFONNOTIZEN, DOKU)
	VALUES 
	('00000000-0000-0000-0000-000000000009', TO_DATE('2020-03-15 18:09:00', 'YYYY-MM-DD HH24:MI:SS'),
	'Grimes', 'Carl', 'KP', 'Standort 1', TO_DATE('1980-03-09 00:00:00', 'YYYY-MM-DD HH24:MI:SS'), 'Strasse 1', '01234',
	'Ort 1', 'Landkreis 1', 'Ortsteil 1', 'Land 1', '0180 Nase', '01525252525259', 'carl@twd.undead',
	null, null,
	'Ich bin eine Arbeitsinfo und teile jemanden mit dass etwas zu tun ist', 'Hier steht ein Kommentar den niemand liken kann',
	'5 Personen und 1 Hund', 'Vor dem nächsten Anruf Toilettenpapier zufaxen', 'Nicht JavaDoc'
	);
INSERT INTO "PERSON" (ID, CREATED_DATE, NAME, VORNAME, KATEGORIE, STANDORT, GEBURTSDATUM, STRASSE, PLZ, ORT, LANDKREIS, 
	ORTSTEIL, LAND, TELEFON, MOBILE, MAIL, QUARANTAENE_START, QUARANTAENE_ENDE, ARBEITSINFOS, KOMMENTARE, HAUSHALT, TELEFONNOTIZEN, DOKU)
	VALUES
	('00000000-0000-0000-0000-000000000010', TO_DATE('2020-03-15 18:10:00', 'YYYY-MM-DD HH24:MI:SS'),
	'Dixon', 'Daryl', 'KP', 'Standort 1', TO_DATE('1980-03-10 00:00:00', 'YYYY-MM-DD HH24:MI:SS'), 'Strasse 1', '01234',
	'Ort 1', 'Landkreis 1', 'Ortsteil 3', 'Land 1', '0180 Nase', '01525252525259', 'daryl@twd.undead',
	null, null,
	'Ich bin eine Arbeitsinfo und teile jemanden mit dass etwas zu tun ist', 'Hier steht ein Kommentar den niemand liken kann',
	'5 Personen und 1 Hund', 'Vor dem nächsten Anruf Toilettenpapier zufaxen', 'Nicht JavaDoc'
	);
INSERT INTO "PERSON" (ID, CREATED_DATE, NAME, VORNAME, KATEGORIE, STANDORT, GEBURTSDATUM, STRASSE, PLZ, ORT, LANDKREIS, 
	ORTSTEIL, LAND, TELEFON, MOBILE, MAIL, QUARANTAENE_START, QUARANTAENE_ENDE, ARBEITSINFOS, KOMMENTARE, HAUSHALT, TELEFONNOTIZEN, DOKU)
	VALUES
	('00000000-0000-0000-0000-000000000011', TO_DATE('2020-03-15 18:11:00', 'YYYY-MM-DD HH24:MI:SS'),
	'Peletier', 'Carol', 'KP', 'Standort 1', TO_DATE('1980-03-11 00:00:00', 'YYYY-MM-DD HH24:MI:SS'), 'Strasse 1', '01234',
	'Ort 1', 'Landkreis 1', 'Ortsteil 3', 'Land 1', '0180 Nase', '01525252525259', 'carol@twd.undead',
	null, null,
	'Ich bin eine Arbeitsinfo und teile jemanden mit dass etwas zu tun ist', 'Hier steht ein Kommentar den niemand liken kann',
	'5 Personen und 1 Hund', 'Vor dem nächsten Anruf Toilettenpapier zufaxen', 'Nicht JavaDoc'
	);
INSERT INTO "PERSON" (ID, CREATED_DATE, NAME, VORNAME, KATEGORIE, STANDORT, GEBURTSDATUM, STRASSE, PLZ, ORT, LANDKREIS, 
	ORTSTEIL, LAND, TELEFON, MOBILE, MAIL, QUARANTAENE_START, QUARANTAENE_ENDE, ARBEITSINFOS, KOMMENTARE, HAUSHALT, TELEFONNOTIZEN, DOKU)
	VALUES
	('00000000-0000-0000-0000-000000000012', TO_DATE('2020-03-15 18:12:00', 'YYYY-MM-DD HH24:MI:SS'),
	'Greene', 'Maggie', 'KP', 'Standort 1', TO_DATE('1980-03-12 00:00:00', 'YYYY-MM-DD HH24:MI:SS'), 'Strasse 1', '01234',
	'Ort 1', 'Landkreis 1', 'Ortsteil 3', 'Land 1', '0180 Nase', '01525252525259', 'maggie@twd.undead',
	null, null,
	'Ich bin eine Arbeitsinfo und teile jemanden mit dass etwas zu tun ist', 'Hier steht ein Kommentar den niemand liken kann',
	'5 Personen und 1 Hund', 'Vor dem nächsten Anruf Toilettenpapier zufaxen', 'Nicht JavaDoc'
	);
INSERT INTO "PERSON" (ID, CREATED_DATE, NAME, VORNAME, KATEGORIE, STANDORT, GEBURTSDATUM, STRASSE, PLZ, ORT, LANDKREIS, 
	ORTSTEIL, LAND, TELEFON, MOBILE, MAIL, QUARANTAENE_START, QUARANTAENE_ENDE, ARBEITSINFOS, KOMMENTARE, HAUSHALT, TELEFONNOTIZEN, DOKU)
	VALUES
	('00000000-0000-0000-0000-000000000013', TO_DATE('2020-03-15 18:13:00', 'YYYY-MM-DD HH24:MI:SS'),
	'Dreizehnte', 'Freitag', 'KP', 'Standort 1', TO_DATE('1980-03-13 00:00:00', 'YYYY-MM-DD HH24:MI:SS'), 'Strasse 1', '01234',
	'Ort 1', 'Landkreis 1', 'Ortsteil 1', 'Land 1', '0180 Nase', '01525252525259', 'strangeNumber@weird.stuff',
	null, null,
	'Ich bin eine Arbeitsinfo und teile jemanden mit dass etwas zu tun ist', 'Hier steht ein Kommentar den niemand liken kann',
	'5 Personen und 1 Hund', 'Vor dem nächsten Anruf Toilettenpapier zufaxen', 'Nicht JavaDoc'
	);
INSERT INTO "PERSON" (ID, CREATED_DATE, NAME, VORNAME, KATEGORIE, STANDORT, GEBURTSDATUM, STRASSE, PLZ, ORT, LANDKREIS, 
	ORTSTEIL, LAND, TELEFON, MOBILE, MAIL, QUARANTAENE_START, QUARANTAENE_ENDE, ARBEITSINFOS, KOMMENTARE, HAUSHALT, TELEFONNOTIZEN, DOKU)
	VALUES
	('00000000-0000-0000-0000-000000000014', TO_DATE('2020-03-15 18:14:00', 'YYYY-MM-DD HH24:MI:SS'),
	'Greene', 'Hershel', 'KP', 'Standort 1', TO_DATE('1980-03-14 00:00:00', 'YYYY-MM-DD HH24:MI:SS'), 'Strasse 1', '01234',
	'Ort 1', 'Landkreis 1', 'Ortsteil 3', 'Land 1', '0180 Nase', '01525252525259', 'hershel@twd.undead',
	null, null,
	'Ich bin eine Arbeitsinfo und teile jemanden mit dass etwas zu tun ist', 'Hier steht ein Kommentar den niemand liken kann',
	'5 Personen und 1 Hund', 'Vor dem nächsten Anruf Toilettenpapier zufaxen', 'Nicht JavaDoc'
	);
INSERT INTO "PERSON" (ID, CREATED_DATE, NAME, VORNAME, KATEGORIE, STANDORT, GEBURTSDATUM, STRASSE, PLZ, ORT, LANDKREIS, 
	ORTSTEIL, LAND, TELEFON, MOBILE, MAIL, QUARANTAENE_START, QUARANTAENE_ENDE, ARBEITSINFOS, KOMMENTARE, HAUSHALT, TELEFONNOTIZEN, DOKU)
	VALUES
	('00000000-0000-0000-0000-000000000015', TO_DATE('2020-03-15 18:15:00', 'YYYY-MM-DD HH24:MI:SS'),
	'Greene', 'Beth', 'KP', 'Standort 1', TO_DATE('1980-03-15 00:00:00', 'YYYY-MM-DD HH24:MI:SS'), 'Strasse 1', '01234',
	'Ort 1', 'Landkreis 1', 'Ortsteil 1', 'Land 1', '0180 Nase', '01525252525259', 'beth@weird.stuff',
	null, null,
	'Ich bin eine Arbeitsinfo und teile jemanden mit dass etwas zu tun ist', 'Hier steht ein Kommentar den niemand liken kann',
	'5 Personen und 1 Hund', 'Vor dem nächsten Anruf Toilettenpapier zufaxen', 'Nicht JavaDoc'
	);
INSERT INTO "PERSON" (ID, CREATED_DATE, NAME, VORNAME, KATEGORIE, STANDORT, GEBURTSDATUM, STRASSE, PLZ, ORT, LANDKREIS, 
	ORTSTEIL, LAND, TELEFON, MOBILE, MAIL, QUARANTAENE_START, QUARANTAENE_ENDE, ARBEITSINFOS, KOMMENTARE, HAUSHALT, TELEFONNOTIZEN, DOKU)
	VALUES
	('00000000-0000-0000-0000-000000000016', TO_DATE('2020-03-15 18:16:00', 'YYYY-MM-DD HH24:MI:SS'),
	'Chambler', 'Tara', 'KP', 'Standort 1', TO_DATE('1980-03-16 00:00:00', 'YYYY-MM-DD HH24:MI:SS'), 'Strasse 1', '01234',
	'Ort 1', 'Landkreis 1', 'Ortsteil 3', 'Land 1', '0180 Nase', '01525252525259', 'tara@weird.stuff',
	null, null,
	'Ich bin eine Arbeitsinfo und teile jemanden mit dass etwas zu tun ist', 'Hier steht ein Kommentar den niemand liken kann',
	'5 Personen und 1 Hund', 'Vor dem nächsten Anruf Toilettenpapier zufaxen', 'Nicht JavaDoc'
	);
INSERT INTO "PERSON" (ID, CREATED_DATE, NAME, VORNAME, KATEGORIE, STANDORT, GEBURTSDATUM, STRASSE, PLZ, ORT, LANDKREIS, 
	ORTSTEIL, LAND, TELEFON, MOBILE, MAIL, QUARANTAENE_START, QUARANTAENE_ENDE, ARBEITSINFOS, KOMMENTARE, HAUSHALT, TELEFONNOTIZEN, DOKU)
	VALUES
	('00000000-0000-0000-0000-000000000017', TO_DATE('2020-03-15 18:16:00', 'YYYY-MM-DD HH24:MI:SS'),
	'Koerper', 'Anti', 'KPN', 'Standort 1', TO_DATE('1980-03-16 00:00:00', 'YYYY-MM-DD HH24:MI:SS'), 'Strasse 1', '01234',
	'Ort 1', 'Landkreis 1', 'Ortsteil 1', 'Land 1', '0180 Nase', '01525252525259', 'helferzelle@immun.system',
	null, null,
	'Ich bin eine Arbeitsinfo und teile jemanden mit dass etwas zu tun ist', 'Hier steht ein Kommentar den niemand liken kann',
	'5 Personen und 1 Hund', 'Vor dem nächsten Anruf Toilettenpapier zufaxen', 'Nicht JavaDoc'
	);
	
	
--------------------------------------------------------
--  DDML fuer Proben
--------------------------------------------------------
	
INSERT INTO "PROBE" (CREATED_DATE, PERSONID, KOMMENTAR, DATUM, ERGEBNIS)
	VALUES
	(TO_DATE('2020-03-16 10:00:00', 'YYYY-MM-DD HH24:MI:SS'), '00000000-0000-0000-0000-000000000000',
	'Die erste Probe', TO_DATE('2020-03-16 09:45:00', 'YYYY-MM-DD HH24:MI:SS'), 'P');
INSERT INTO "PROBE" (CREATED_DATE, PERSONID, KOMMENTAR, DATUM, ERGEBNIS)
	VALUES
	(TO_DATE('2020-03-16 16:00:00', 'YYYY-MM-DD HH24:MI:SS'), '00000000-0000-0000-0000-000000000000',
	'Es wurde besser (negativ)', TO_DATE('2020-03-16 15:45:00', 'YYYY-MM-DD HH24:MI:SS'), 'N');
INSERT INTO "PROBE" (CREATED_DATE, PERSONID, KOMMENTAR, DATUM, ERGEBNIS)
	VALUES
	(TO_DATE('2020-03-16 22:00:00', 'YYYY-MM-DD HH24:MI:SS'), '00000000-0000-0000-0000-000000000000',
	'Warten auf die dritte Probe', TO_DATE('2020-03-16 21:45:00', 'YYYY-MM-DD HH24:MI:SS'), 'A');
INSERT INTO "PROBE" (CREATED_DATE, PERSONID, KOMMENTAR, DATUM, ERGEBNIS)
	VALUES
	(TO_DATE('2020-03-17 10:00:00', 'YYYY-MM-DD HH24:MI:SS'), '00000000-0000-0000-0000-000000000001',
	'Warten', TO_DATE('2020-03-17 00:45:00', 'YYYY-MM-DD HH24:MI:SS'), 'A');
INSERT INTO "PROBE" (CREATED_DATE, PERSONID, KOMMENTAR, DATUM, ERGEBNIS)
	VALUES
	(TO_DATE('2020-03-17 10:00:00', 'YYYY-MM-DD HH24:MI:SS'), '00000000-0000-0000-0000-000000000002',
	'Warten', TO_DATE('2020-03-17 00:45:00', 'YYYY-MM-DD HH24:MI:SS'), 'A');
INSERT INTO "PROBE" (CREATED_DATE, PERSONID, KOMMENTAR, DATUM, ERGEBNIS)
	VALUES
	(TO_DATE('2020-03-17 10:00:00', 'YYYY-MM-DD HH24:MI:SS'), '00000000-0000-0000-0000-000000000003',
	'Warten', TO_DATE('2020-03-17 00:45:00', 'YYYY-MM-DD HH24:MI:SS'), 'A');
INSERT INTO "PROBE" (CREATED_DATE, PERSONID, KOMMENTAR, DATUM, ERGEBNIS)
	VALUES
	(TO_DATE('2020-03-17 10:00:00', 'YYYY-MM-DD HH24:MI:SS'), '00000000-0000-0000-0000-000000000004',
	'Warten', TO_DATE('2020-03-17 00:45:00', 'YYYY-MM-DD HH24:MI:SS'), 'A');
INSERT INTO "PROBE" (CREATED_DATE, PERSONID, KOMMENTAR, DATUM, ERGEBNIS)
	VALUES
	(TO_DATE('2020-03-17 10:00:00', 'YYYY-MM-DD HH24:MI:SS'), '00000000-0000-0000-0000-000000000005',
	'Warten', TO_DATE('2020-03-17 00:45:00', 'YYYY-MM-DD HH24:MI:SS'), 'A');
INSERT INTO "PROBE" (CREATED_DATE, PERSONID, KOMMENTAR, DATUM, ERGEBNIS)
	VALUES
	(TO_DATE('2020-03-17 10:00:00', 'YYYY-MM-DD HH24:MI:SS'), '00000000-0000-0000-0000-000000000017',
	'Warten', TO_DATE('2020-03-17 00:45:00', 'YYYY-MM-DD HH24:MI:SS'), 'N');

--------------------------------------------------------
--  DDML fuer Kontakte
--------------------------------------------------------
	
INSERT INTO "KONTAKT" (ID, CREATED_DATE, PERSONID, KONTAKTMIT, KOMMENTAR, KONTAKTTYP, KONTAKTDATUM)
	VALUES
	('00000000-0000-0000-0000-000000000000', TO_DATE('2020-03-15 18:00:00', 'YYYY-MM-DD HH24:MI:SS'),
	'00000000-0000-0000-0000-000000000000', '00000000-0000-0000-0000-000000000001', 'Man kam sich zu nah', 'A',
	TO_DATE('2020-03-14 12:00:00', 'YYYY-MM-DD HH24:MI:SS'));
INSERT INTO "KONTAKT" (ID, CREATED_DATE, PERSONID, KONTAKTMIT, KOMMENTAR, KONTAKTTYP, KONTAKTDATUM)
	VALUES
	('00000000-0000-0000-0000-000000000001', TO_DATE('2020-03-15 18:00:00', 'YYYY-MM-DD HH24:MI:SS'),
	'00000000-0000-0000-0000-000000000000', '00000000-0000-0000-0000-000000000002', 'Zu viel Binge Watching', 'B',
	TO_DATE('2020-03-14 12:00:00', 'YYYY-MM-DD HH24:MI:SS'));
INSERT INTO "KONTAKT" (ID, CREATED_DATE, PERSONID, KONTAKTMIT, KOMMENTAR, KONTAKTTYP, KONTAKTDATUM)
	VALUES
	('00000000-0000-0000-0000-000000000002', TO_DATE('2020-03-15 18:00:00', 'YYYY-MM-DD HH24:MI:SS'),
	'00000000-0000-0000-0000-000000000000', '00000000-0000-0000-0000-000000000003', 'Zu viel Binge Watching', 'B',
	TO_DATE('2020-03-14 12:00:00', 'YYYY-MM-DD HH24:MI:SS'));
INSERT INTO "KONTAKT" (ID, CREATED_DATE, PERSONID, KONTAKTMIT, KOMMENTAR, KONTAKTTYP, KONTAKTDATUM)
	VALUES
	('00000000-0000-0000-0000-000000000003', TO_DATE('2020-03-15 18:00:00', 'YYYY-MM-DD HH24:MI:SS'),
	'00000000-0000-0000-0000-000000000000', '00000000-0000-0000-0000-000000000004', 'Zu viel Binge Watching', 'B',
	TO_DATE('2020-03-14 12:00:00', 'YYYY-MM-DD HH24:MI:SS'));
INSERT INTO "KONTAKT" (ID, CREATED_DATE, PERSONID, KONTAKTMIT, KOMMENTAR, KONTAKTTYP, KONTAKTDATUM)
	VALUES
	('00000000-0000-0000-0000-000000000004', TO_DATE('2020-03-15 18:00:00', 'YYYY-MM-DD HH24:MI:SS'),
	'00000000-0000-0000-0000-000000000000', '00000000-0000-0000-0000-000000000005', 'Zu viel Binge Watching', 'B',
	TO_DATE('2020-03-14 12:00:00', 'YYYY-MM-DD HH24:MI:SS'));
INSERT INTO "KONTAKT" (ID, CREATED_DATE, PERSONID, KONTAKTMIT, KOMMENTAR, KONTAKTTYP, KONTAKTDATUM)
	VALUES
	('00000000-0000-0000-0000-000000000005', TO_DATE('2020-03-15 18:00:00', 'YYYY-MM-DD HH24:MI:SS'),
	'00000000-0000-0000-0000-000000000000', '00000000-0000-0000-0000-000000000006', 'Zu viel Binge Watching', 'B',
	TO_DATE('2020-03-14 12:00:00', 'YYYY-MM-DD HH24:MI:SS'));
INSERT INTO "KONTAKT" (ID, CREATED_DATE, PERSONID, KONTAKTMIT, KOMMENTAR, KONTAKTTYP, KONTAKTDATUM)
	VALUES
	('00000000-0000-0000-0000-000000000006', TO_DATE('2020-03-15 18:00:00', 'YYYY-MM-DD HH24:MI:SS'),
	'00000000-0000-0000-0000-000000000000', '00000000-0000-0000-0000-000000000007', 'Zu viel Binge Watching', 'B',
	TO_DATE('2020-03-14 12:00:00', 'YYYY-MM-DD HH24:MI:SS'));
INSERT INTO "KONTAKT" (ID, CREATED_DATE, PERSONID, KONTAKTMIT, KOMMENTAR, KONTAKTTYP, KONTAKTDATUM)
	VALUES
	('00000000-0000-0000-0000-000000000007', TO_DATE('2020-03-15 18:00:00', 'YYYY-MM-DD HH24:MI:SS'),
	'00000000-0000-0000-0000-000000000000', '00000000-0000-0000-0000-000000000008', 'Zu viel Binge Watching', 'B',
	TO_DATE('2020-03-14 12:00:00', 'YYYY-MM-DD HH24:MI:SS'));
INSERT INTO "KONTAKT" (ID, CREATED_DATE, PERSONID, KONTAKTMIT, KOMMENTAR, KONTAKTTYP, KONTAKTDATUM)
	VALUES
	('00000000-0000-0000-0000-000000000008', TO_DATE('2020-03-15 18:00:00', 'YYYY-MM-DD HH24:MI:SS'),
	'00000000-0000-0000-0000-000000000000', '00000000-0000-0000-0000-000000000009', 'Zu viel Binge Watching', 'B',
	TO_DATE('2020-03-14 12:00:00', 'YYYY-MM-DD HH24:MI:SS'));
INSERT INTO "KONTAKT" (ID, CREATED_DATE, PERSONID, KONTAKTMIT, KOMMENTAR, KONTAKTTYP, KONTAKTDATUM)
	VALUES
	('00000000-0000-0000-0000-000000000009', TO_DATE('2020-03-15 18:00:00', 'YYYY-MM-DD HH24:MI:SS'),
	'00000000-0000-0000-0000-000000000000', '00000000-0000-0000-0000-000000000010', 'Zu viel Binge Watching', 'B',
	TO_DATE('2020-03-14 12:00:00', 'YYYY-MM-DD HH24:MI:SS'));
INSERT INTO "KONTAKT" (ID, CREATED_DATE, PERSONID, KONTAKTMIT, KOMMENTAR, KONTAKTTYP, KONTAKTDATUM)
	VALUES
	('00000000-0000-0000-0000-000000000010', TO_DATE('2020-03-15 18:00:00', 'YYYY-MM-DD HH24:MI:SS'),
	'00000000-0000-0000-0000-000000000000', '00000000-0000-0000-0000-000000000011', 'Zu viel Binge Watching', 'B',
	TO_DATE('2020-03-14 12:00:00', 'YYYY-MM-DD HH24:MI:SS'));
INSERT INTO "KONTAKT" (ID, CREATED_DATE, PERSONID, KONTAKTMIT, KOMMENTAR, KONTAKTTYP, KONTAKTDATUM)
	VALUES
	('00000000-0000-0000-0000-000000000011', TO_DATE('2020-03-15 18:00:00', 'YYYY-MM-DD HH24:MI:SS'),
	'00000000-0000-0000-0000-000000000000', '00000000-0000-0000-0000-000000000012', 'Zu viel Binge Watching', 'B',
	TO_DATE('2020-03-14 12:00:00', 'YYYY-MM-DD HH24:MI:SS'));
INSERT INTO "KONTAKT" (ID, CREATED_DATE, PERSONID, KONTAKTMIT, KOMMENTAR, KONTAKTTYP, KONTAKTDATUM)
	VALUES
	('00000000-0000-0000-0000-000000000012', TO_DATE('2020-03-15 18:00:00', 'YYYY-MM-DD HH24:MI:SS'),
	'00000000-0000-0000-0000-000000000000', '00000000-0000-0000-0000-000000000013', 'Zu viel Binge Watching', 'B',
	TO_DATE('2020-03-14 12:00:00', 'YYYY-MM-DD HH24:MI:SS'));
INSERT INTO "KONTAKT" (ID, CREATED_DATE, PERSONID, KONTAKTMIT, KOMMENTAR, KONTAKTTYP, KONTAKTDATUM)
	VALUES
	('00000000-0000-0000-0000-000000000013', TO_DATE('2020-03-15 18:00:00', 'YYYY-MM-DD HH24:MI:SS'),
	'00000000-0000-0000-0000-000000000000', '00000000-0000-0000-0000-000000000014', 'Zu viel Binge Watching', 'B',
	TO_DATE('2020-03-14 12:00:00', 'YYYY-MM-DD HH24:MI:SS'));
INSERT INTO "KONTAKT" (ID, CREATED_DATE, PERSONID, KONTAKTMIT, KOMMENTAR, KONTAKTTYP, KONTAKTDATUM)
	VALUES
	('00000000-0000-0000-0000-000000000014', TO_DATE('2020-03-15 18:00:00', 'YYYY-MM-DD HH24:MI:SS'),
	'00000000-0000-0000-0000-000000000000', '00000000-0000-0000-0000-000000000015', 'Zu viel Binge Watching', 'B',
	TO_DATE('2020-03-14 12:00:00', 'YYYY-MM-DD HH24:MI:SS'));
INSERT INTO "KONTAKT" (ID, CREATED_DATE, PERSONID, KONTAKTMIT, KOMMENTAR, KONTAKTTYP, KONTAKTDATUM)
	VALUES
	('00000000-0000-0000-0000-000000000015', TO_DATE('2020-03-15 18:00:00', 'YYYY-MM-DD HH24:MI:SS'),
	'00000000-0000-0000-0000-000000000000', '00000000-0000-0000-0000-000000000016', 'Zu viel Binge Watching', 'B',
	TO_DATE('2020-03-14 12:00:00', 'YYYY-MM-DD HH24:MI:SS'));
INSERT INTO "KONTAKT" (ID, CREATED_DATE, PERSONID, KONTAKTMIT, KOMMENTAR, KONTAKTTYP, KONTAKTDATUM)
	VALUES
	('00000000-0000-0000-0000-000000000016', TO_DATE('2020-03-15 18:00:00', 'YYYY-MM-DD HH24:MI:SS'),
	'00000000-0000-0000-0000-000000000000', '00000000-0000-0000-0000-000000000017', 'Zu viel Binge Watching', 'C',
	TO_DATE('2020-03-14 12:00:00', 'YYYY-MM-DD HH24:MI:SS'));